1,"Charles","King","charles.r.king@gmail.com","$2y$10$BJpJKwV6K7P2Kn7aC91VluxoQJ0aG72oyU.DhbuscQ6wi7GRrwT3e","F3At82B6GZAkPEt4UdD7EZTUqJl752e1OuMUdztPvrPPH0XqNtkSN9xL3VIq","2016/02/19 02:56:27","2016/02/20 22:39:45"
2,"Jason","Wilkin","jasonwilkin@gmail.com","$2y$10$BJpJKwV6K7P2Kn7aC91VluxoQJ0aG72oyU.DhbuscQ6wi7GRrwT3e","F3At82B6GZAkPEt4UdD7EZTUqJl752e1OuMUdztPvrPPH0XqNtkSN9xL3VIq","2016/02/19 02:56:27","2016/02/20 22:39:45"
3,"Bruce","Wayne","bwayne@example.com","$2y$10$BJpJKwV6K7P2Kn7aC91VluxoQJ0aG72oyU.DhbuscQ6wi7GRrwT3e","F3At82B6GZAkPEt4UdD7EZTUqJl752e1OuMUdztPvrPPH0XqNtkSN9xL3VIq","2016/02/19 02:56:27","2016/02/20 22:39:45"
4,"Clark","Kent","ckent@example.com","$2y$10$BJpJKwV6K7P2Kn7aC91VluxoQJ0aG72oyU.DhbuscQ6wi7GRrwT3e","F3At82B6GZAkPEt4UdD7EZTUqJl752e1OuMUdztPvrPPH0XqNtkSN9xL3VIq","2016/02/19 02:56:27","2016/02/20 22:39:45"
5,"Wally","West","wwest@example.com","$2y$10$BJpJKwV6K7P2Kn7aC91VluxoQJ0aG72oyU.DhbuscQ6wi7GRrwT3e","F3At82B6GZAkPEt4UdD7EZTUqJl752e1OuMUdztPvrPPH0XqNtkSN9xL3VIq","2016/02/19 02:56:27","2016/02/20 22:39:45"
6,"John","Stewart","jstwart@example.com","$2y$10$BJpJKwV6K7P2Kn7aC91VluxoQJ0aG72oyU.DhbuscQ6wi7GRrwT3e","F3At82B6GZAkPEt4UdD7EZTUqJl752e1OuMUdztPvrPPH0XqNtkSN9xL3VIq","2016/02/19 02:56:27","2016/02/20 22:39:45"
7,"Diana","Prince","dprince@example.com","$2y$10$BJpJKwV6K7P2Kn7aC91VluxoQJ0aG72oyU.DhbuscQ6wi7GRrwT3e","F3At82B6GZAkPEt4UdD7EZTUqJl752e1OuMUdztPvrPPH0XqNtkSN9xL3VIq","2016/02/19 02:56:27","2016/02/20 22:39:45"
8,"J'onn","J'onzz","jj@example.com","$2y$10$BJpJKwV6K7P2Kn7aC91VluxoQJ0aG72oyU.DhbuscQ6wi7GRrwT3e","F3At82B6GZAkPEt4UdD7EZTUqJl752e1OuMUdztPvrPPH0XqNtkSN9xL3VIq","2016/02/19 02:56:27","2016/02/20 22:39:45"
9,"Victor","Stone","vstone@example.com","$2y$10$BJpJKwV6K7P2Kn7aC91VluxoQJ0aG72oyU.DhbuscQ6wi7GRrwT3e","F3At82B6GZAkPEt4UdD7EZTUqJl752e1OuMUdztPvrPPH0XqNtkSN9xL3VIq","2016/02/19 02:56:27","2016/02/20 22:39:45"
10,"Authur","Curry","acurry@example.com","$2y$10$BJpJKwV6K7P2Kn7aC91VluxoQJ0aG72oyU.DhbuscQ6wi7GRrwT3e","F3At82B6GZAkPEt4UdD7EZTUqJl752e1OuMUdztPvrPPH0XqNtkSN9xL3VIq","2016/02/19 02:56:27","2016/02/20 22:39:45"
